# Synthetic RIN spectrum, 1064nm Nd:YAG, 100mW avg power.
# Rate-equation model: pump 1/f excess + relaxation-oscillation
# Lorentzian + shot-noise floor. Physical parameters anchored to the
# Generated synthetically from a model;
# Columns: frequency (Hz), RIN (dBc/Hz)
# f_RO=3e5 Hz, Gamma=4e4, P0=100mW, lambda=1064nm, shot_floor=-174.3 dBc/Hz
# Reference: RP Photonics RIN example (shot floor -174 dBc/Hz, RO peak, pump excess).
# ----
1.000000e+02,-1.348144e+02
1.023332e+02,-1.348962e+02
1.047209e+02,-1.349779e+02
1.071643e+02,-1.350595e+02
1.096647e+02,-1.351409e+02
1.122234e+02,-1.352221e+02
1.148418e+02,-1.353032e+02
1.175214e+02,-1.353840e+02
1.202634e+02,-1.354647e+02
1.230694e+02,-1.355453e+02
1.259409e+02,-1.356256e+02
1.288794e+02,-1.357058e+02
1.318865e+02,-1.357858e+02
1.349637e+02,-1.358656e+02
1.381127e+02,-1.359452e+02
1.413352e+02,-1.360246e+02
1.446329e+02,-1.361038e+02
1.480075e+02,-1.361828e+02
1.514609e+02,-1.362616e+02
1.549948e+02,-1.363402e+02
1.586112e+02,-1.364186e+02
1.623120e+02,-1.364968e+02
1.660991e+02,-1.365747e+02
1.699746e+02,-1.366524e+02
1.739405e+02,-1.367300e+02
1.779989e+02,-1.368072e+02
1.821520e+02,-1.368843e+02
1.864021e+02,-1.369611e+02
1.907513e+02,-1.370377e+02
1.952019e+02,-1.371140e+02
1.997565e+02,-1.371901e+02
2.044172e+02,-1.372660e+02
2.091868e+02,-1.373416e+02
2.140676e+02,-1.374169e+02
2.190623e+02,-1.374920e+02
2.241735e+02,-1.375668e+02
2.294040e+02,-1.376414e+02
2.347565e+02,-1.377156e+02
2.402340e+02,-1.377897e+02
2.458392e+02,-1.378634e+02
2.515752e+02,-1.379368e+02
2.574450e+02,-1.380100e+02
2.634518e+02,-1.380829e+02
2.695987e+02,-1.381555e+02
2.758891e+02,-1.382278e+02
2.823262e+02,-1.382998e+02
2.889136e+02,-1.383715e+02
2.956546e+02,-1.384428e+02
3.025529e+02,-1.385139e+02
3.096122e+02,-1.385847e+02
3.168361e+02,-1.386551e+02
3.242287e+02,-1.387252e+02
3.317937e+02,-1.387950e+02
3.395352e+02,-1.388645e+02
3.474573e+02,-1.389336e+02
3.555643e+02,-1.390024e+02
3.638605e+02,-1.390709e+02
3.723502e+02,-1.391390e+02
3.810380e+02,-1.392068e+02
3.899285e+02,-1.392742e+02
3.990264e+02,-1.393413e+02
4.083367e+02,-1.394080e+02
4.178641e+02,-1.394743e+02
4.276138e+02,-1.395403e+02
4.375911e+02,-1.396059e+02
4.478011e+02,-1.396711e+02
4.582493e+02,-1.397360e+02
4.689414e+02,-1.398004e+02
4.798828e+02,-1.398645e+02
4.910796e+02,-1.399283e+02
5.025377e+02,-1.399916e+02
5.142630e+02,-1.400545e+02
5.262620e+02,-1.401170e+02
5.385409e+02,-1.401792e+02
5.511063e+02,-1.402409e+02
5.639649e+02,-1.403022e+02
5.771235e+02,-1.403631e+02
5.905892e+02,-1.404236e+02
6.043690e+02,-1.404837e+02
6.184703e+02,-1.405434e+02
6.329007e+02,-1.406026e+02
6.476677e+02,-1.406615e+02
6.627793e+02,-1.407199e+02
6.782435e+02,-1.407778e+02
6.940685e+02,-1.408354e+02
7.102627e+02,-1.408925e+02
7.268348e+02,-1.409492e+02
7.437936e+02,-1.410054e+02
7.611480e+02,-1.410612e+02
7.789074e+02,-1.411166e+02
7.970811e+02,-1.411715e+02
8.156788e+02,-1.412259e+02
8.347105e+02,-1.412799e+02
8.541863e+02,-1.413335e+02
8.741164e+02,-1.413866e+02
8.945116e+02,-1.414393e+02
9.153826e+02,-1.414915e+02
9.367406e+02,-1.415432e+02
9.585970e+02,-1.415945e+02
9.809633e+02,-1.416453e+02
1.003851e+03,-1.416957e+02
1.027274e+03,-1.417456e+02
1.051242e+03,-1.417950e+02
1.075770e+03,-1.418440e+02
1.100870e+03,-1.418925e+02
1.126556e+03,-1.419406e+02
1.152842e+03,-1.419882e+02
1.179740e+03,-1.420353e+02
1.207266e+03,-1.420819e+02
1.235434e+03,-1.421281e+02
1.264260e+03,-1.421738e+02
1.293758e+03,-1.422190e+02
1.323945e+03,-1.422638e+02
1.354835e+03,-1.423081e+02
1.386447e+03,-1.423520e+02
1.418796e+03,-1.423953e+02
1.451900e+03,-1.424382e+02
1.485776e+03,-1.424807e+02
1.520442e+03,-1.425226e+02
1.555918e+03,-1.425641e+02
1.592221e+03,-1.426052e+02
1.629371e+03,-1.426458e+02
1.667388e+03,-1.426859e+02
1.706292e+03,-1.427255e+02
1.746104e+03,-1.427647e+02
1.786845e+03,-1.428034e+02
1.828536e+03,-1.428417e+02
1.871200e+03,-1.428795e+02
1.914859e+03,-1.429169e+02
1.959538e+03,-1.429538e+02
2.005258e+03,-1.429902e+02
2.052045e+03,-1.430262e+02
2.099924e+03,-1.430618e+02
2.148921e+03,-1.430969e+02
2.199060e+03,-1.431316e+02
2.250369e+03,-1.431658e+02
2.302875e+03,-1.431996e+02
2.356607e+03,-1.432329e+02
2.411592e+03,-1.432658e+02
2.467860e+03,-1.432983e+02
2.525441e+03,-1.433303e+02
2.584365e+03,-1.433619e+02
2.644665e+03,-1.433931e+02
2.706371e+03,-1.434239e+02
2.769517e+03,-1.434542e+02
2.834136e+03,-1.434841e+02
2.900263e+03,-1.435136e+02
2.967933e+03,-1.435427e+02
3.037182e+03,-1.435714e+02
3.108046e+03,-1.435997e+02
3.180564e+03,-1.436276e+02
3.254774e+03,-1.436551e+02
3.330716e+03,-1.436821e+02
3.408429e+03,-1.437088e+02
3.487956e+03,-1.437351e+02
3.569338e+03,-1.437610e+02
3.652619e+03,-1.437866e+02
3.737843e+03,-1.438117e+02
3.825055e+03,-1.438365e+02
3.914303e+03,-1.438609e+02
4.005633e+03,-1.438849e+02
4.099093e+03,-1.439085e+02
4.194735e+03,-1.439318e+02
4.292608e+03,-1.439547e+02
4.392764e+03,-1.439773e+02
4.495258e+03,-1.439995e+02
4.600143e+03,-1.440214e+02
4.707475e+03,-1.440429e+02
4.817311e+03,-1.440641e+02
4.929710e+03,-1.440849e+02
5.044732e+03,-1.441054e+02
5.162437e+03,-1.441256e+02
5.282889e+03,-1.441454e+02
5.406151e+03,-1.441650e+02
5.532289e+03,-1.441841e+02
5.661370e+03,-1.442030e+02
5.793463e+03,-1.442216e+02
5.928638e+03,-1.442398e+02
6.066967e+03,-1.442578e+02
6.208523e+03,-1.442754e+02
6.353383e+03,-1.442927e+02
6.501622e+03,-1.443098e+02
6.653320e+03,-1.443265e+02
6.808557e+03,-1.443429e+02
6.967417e+03,-1.443591e+02
7.129983e+03,-1.443750e+02
7.296342e+03,-1.443906e+02
7.466583e+03,-1.444059e+02
7.640795e+03,-1.444209e+02
7.819073e+03,-1.444357e+02
8.001510e+03,-1.444502e+02
8.188204e+03,-1.444644e+02
8.379254e+03,-1.444783e+02
8.574761e+03,-1.444921e+02
8.774830e+03,-1.445055e+02
8.979568e+03,-1.445187e+02
9.189082e+03,-1.445316e+02
9.403485e+03,-1.445443e+02
9.622890e+03,-1.445568e+02
9.847414e+03,-1.445690e+02
1.007718e+04,-1.445809e+02
1.031230e+04,-1.445926e+02
1.055291e+04,-1.446041e+02
1.079914e+04,-1.446153e+02
1.105110e+04,-1.446264e+02
1.130895e+04,-1.446371e+02
1.157282e+04,-1.446477e+02
1.184284e+04,-1.446580e+02
1.211916e+04,-1.446681e+02
1.240193e+04,-1.446780e+02
1.269129e+04,-1.446877e+02
1.298741e+04,-1.446971e+02
1.329044e+04,-1.447063e+02
1.360053e+04,-1.447153e+02
1.391787e+04,-1.447241e+02
1.424260e+04,-1.447327e+02
1.457491e+04,-1.447410e+02
1.491498e+04,-1.447492e+02
1.526298e+04,-1.447571e+02
1.561910e+04,-1.447649e+02
1.598353e+04,-1.447724e+02
1.635647e+04,-1.447797e+02
1.673810e+04,-1.447868e+02
1.712864e+04,-1.447937e+02
1.752829e+04,-1.448003e+02
1.793727e+04,-1.448068e+02
1.835578e+04,-1.448131e+02
1.878407e+04,-1.448191e+02
1.922234e+04,-1.448249e+02
1.967085e+04,-1.448306e+02
2.012981e+04,-1.448360e+02
2.059949e+04,-1.448412e+02
2.108012e+04,-1.448461e+02
2.157197e+04,-1.448509e+02
2.207529e+04,-1.448554e+02
2.259036e+04,-1.448597e+02
2.311745e+04,-1.448638e+02
2.365683e+04,-1.448677e+02
2.420880e+04,-1.448713e+02
2.477365e+04,-1.448747e+02
2.535168e+04,-1.448778e+02
2.594319e+04,-1.448808e+02
2.654850e+04,-1.448834e+02
2.716794e+04,-1.448858e+02
2.780183e+04,-1.448880e+02
2.845052e+04,-1.448899e+02
2.911433e+04,-1.448915e+02
2.979364e+04,-1.448929e+02
3.048879e+04,-1.448940e+02
3.120017e+04,-1.448947e+02
3.192814e+04,-1.448952e+02
3.267310e+04,-1.448954e+02
3.343544e+04,-1.448953e+02
3.421556e+04,-1.448949e+02
3.501389e+04,-1.448941e+02
3.583085e+04,-1.448930e+02
3.666687e+04,-1.448916e+02
3.752239e+04,-1.448897e+02
3.839787e+04,-1.448876e+02
3.929379e+04,-1.448850e+02
4.021060e+04,-1.448820e+02
4.114881e+04,-1.448786e+02
4.210891e+04,-1.448748e+02
4.309140e+04,-1.448705e+02
4.409683e+04,-1.448658e+02
4.512571e+04,-1.448606e+02
4.617860e+04,-1.448549e+02
4.725605e+04,-1.448487e+02
4.835865e+04,-1.448419e+02
4.948696e+04,-1.448346e+02
5.064161e+04,-1.448267e+02
5.182320e+04,-1.448182e+02
5.303235e+04,-1.448090e+02
5.426972e+04,-1.447992e+02
5.553596e+04,-1.447887e+02
5.683174e+04,-1.447774e+02
5.815776e+04,-1.447654e+02
5.951472e+04,-1.447527e+02
6.090333e+04,-1.447390e+02
6.232435e+04,-1.447246e+02
6.377852e+04,-1.447092e+02
6.526662e+04,-1.446928e+02
6.678945e+04,-1.446755e+02
6.834780e+04,-1.446571e+02
6.994251e+04,-1.446376e+02
7.157444e+04,-1.446170e+02
7.324443e+04,-1.445951e+02
7.495340e+04,-1.445720e+02
7.670223e+04,-1.445476e+02
7.849188e+04,-1.445217e+02
8.032327e+04,-1.444944e+02
8.219740e+04,-1.444655e+02
8.411526e+04,-1.444350e+02
8.607786e+04,-1.444028e+02
8.808626e+04,-1.443687e+02
9.014152e+04,-1.443327e+02
9.224473e+04,-1.442948e+02
9.439702e+04,-1.442547e+02
9.659952e+04,-1.442123e+02
9.885341e+04,-1.441676e+02
1.011599e+05,-1.441203e+02
1.035202e+05,-1.440704e+02
1.059356e+05,-1.440177e+02
1.084073e+05,-1.439620e+02
1.109367e+05,-1.439031e+02
1.135251e+05,-1.438409e+02
1.161739e+05,-1.437751e+02
1.188845e+05,-1.437056e+02
1.216583e+05,-1.436320e+02
1.244969e+05,-1.435541e+02
1.274017e+05,-1.434717e+02
1.303743e+05,-1.433844e+02
1.334162e+05,-1.432919e+02
1.365291e+05,-1.431938e+02
1.397147e+05,-1.430898e+02
1.429746e+05,-1.429793e+02
1.463105e+05,-1.428621e+02
1.497243e+05,-1.427375e+02
1.532177e+05,-1.426049e+02
1.567926e+05,-1.424638e+02
1.604509e+05,-1.423134e+02
1.641946e+05,-1.421531e+02
1.680257e+05,-1.419819e+02
1.719461e+05,-1.417988e+02
1.759580e+05,-1.416029e+02
1.800635e+05,-1.413930e+02
1.842648e+05,-1.411676e+02
1.885641e+05,-1.409252e+02
1.929638e+05,-1.406641e+02
1.974661e+05,-1.403823e+02
2.020734e+05,-1.400774e+02
2.067883e+05,-1.397467e+02
2.116131e+05,-1.393872e+02
2.165505e+05,-1.389950e+02
2.216032e+05,-1.385658e+02
2.267737e+05,-1.380944e+02
2.320648e+05,-1.375746e+02
2.374795e+05,-1.369987e+02
2.430204e+05,-1.363577e+02
2.486906e+05,-1.356406e+02
2.544932e+05,-1.348344e+02
2.604311e+05,-1.339244e+02
2.665075e+05,-1.328960e+02
2.727258e+05,-1.317413e+02
2.790891e+05,-1.304765e+02
2.856009e+05,-1.291881e+02
2.922647e+05,-1.281204e+02
2.990839e+05,-1.277095e+02
3.060622e+05,-1.282751e+02
3.132033e+05,-1.296163e+02
3.205111e+05,-1.312793e+02
3.279894e+05,-1.329640e+02
3.356421e+05,-1.345516e+02
3.434734e+05,-1.360134e+02
3.514875e+05,-1.373535e+02
3.596885e+05,-1.385857e+02
3.680809e+05,-1.397247e+02
3.766690e+05,-1.407841e+02
3.854576e+05,-1.417754e+02
3.944512e+05,-1.427081e+02
4.036547e+05,-1.435900e+02
4.130729e+05,-1.444278e+02
4.227109e+05,-1.452268e+02
4.325737e+05,-1.459916e+02
4.426666e+05,-1.467260e+02
4.529951e+05,-1.474333e+02
4.635645e+05,-1.481161e+02
4.743806e+05,-1.487769e+02
4.854490e+05,-1.494177e+02
4.967756e+05,-1.500402e+02
5.083665e+05,-1.506460e+02
5.202279e+05,-1.512363e+02
5.323660e+05,-1.518123e+02
5.447874e+05,-1.523751e+02
5.574985e+05,-1.529254e+02
5.705063e+05,-1.534642e+02
5.838175e+05,-1.539920e+02
5.974393e+05,-1.545095e+02
6.113790e+05,-1.550172e+02
6.256439e+05,-1.555154e+02
6.402416e+05,-1.560047e+02
6.551800e+05,-1.564853e+02
6.704668e+05,-1.569575e+02
6.861104e+05,-1.574216e+02
7.021189e+05,-1.578777e+02
7.185010e+05,-1.583261e+02
7.352653e+05,-1.587668e+02
7.524208e+05,-1.591999e+02
7.699765e+05,-1.596255e+02
7.879418e+05,-1.600437e+02
8.063263e+05,-1.604543e+02
8.251398e+05,-1.608575e+02
8.443923e+05,-1.612532e+02
8.640939e+05,-1.616414e+02
8.842552e+05,-1.620219e+02
9.048869e+05,-1.623948e+02
9.260001e+05,-1.627598e+02
9.476058e+05,-1.631170e+02
9.697157e+05,-1.634662e+02
9.923414e+05,-1.638074e+02
1.015495e+06,-1.641404e+02
1.039189e+06,-1.644651e+02
1.063436e+06,-1.647815e+02
1.088248e+06,-1.650894e+02
1.113639e+06,-1.653888e+02
1.139623e+06,-1.656797e+02
1.166213e+06,-1.659619e+02
1.193424e+06,-1.662355e+02
1.221269e+06,-1.665004e+02
1.249764e+06,-1.667566e+02
1.278924e+06,-1.670042e+02
1.308764e+06,-1.672432e+02
1.339301e+06,-1.674738e+02
1.370550e+06,-1.676958e+02
1.402528e+06,-1.679096e+02
1.435252e+06,-1.681152e+02
1.468740e+06,-1.683128e+02
1.503009e+06,-1.685025e+02
1.538078e+06,-1.686846e+02
1.573965e+06,-1.688591e+02
1.610689e+06,-1.690264e+02
1.648270e+06,-1.691867e+02
1.686728e+06,-1.693402e+02
1.726083e+06,-1.694871e+02
1.766357e+06,-1.696276e+02
1.807570e+06,-1.697622e+02
1.849745e+06,-1.698909e+02
1.892904e+06,-1.700140e+02
1.937070e+06,-1.701318e+02
1.982266e+06,-1.702446e+02
2.028517e+06,-1.703525e+02
2.075847e+06,-1.704558e+02
2.124281e+06,-1.705548e+02
2.173846e+06,-1.706496e+02
2.224567e+06,-1.707405e+02
2.276471e+06,-1.708277e+02
2.329586e+06,-1.709114e+02
2.383941e+06,-1.709918e+02
2.439564e+06,-1.710690e+02
2.496485e+06,-1.711433e+02
2.554733e+06,-1.712148e+02
2.614341e+06,-1.712836e+02
2.675340e+06,-1.713500e+02
2.737762e+06,-1.714140e+02
2.801640e+06,-1.714758e+02
2.867009e+06,-1.715355e+02
2.933903e+06,-1.715932e+02
3.002358e+06,-1.716491e+02
3.072410e+06,-1.717032e+02
3.144096e+06,-1.717556e+02
3.217455e+06,-1.718065e+02
3.292526e+06,-1.718559e+02
3.369348e+06,-1.719038e+02
3.447963e+06,-1.719504e+02
3.528412e+06,-1.719958e+02
3.610738e+06,-1.720400e+02
3.694985e+06,-1.720830e+02
3.781198e+06,-1.721249e+02
3.869422e+06,-1.721658e+02
3.959704e+06,-1.722057e+02
4.052094e+06,-1.722446e+02
4.146638e+06,-1.722826e+02
4.243389e+06,-1.723198e+02
4.342397e+06,-1.723562e+02
4.443715e+06,-1.723917e+02
4.547398e+06,-1.724265e+02
4.653499e+06,-1.724606e+02
4.762076e+06,-1.724939e+02
4.873186e+06,-1.725266e+02
4.986889e+06,-1.725586e+02
5.103245e+06,-1.725900e+02
5.222315e+06,-1.726208e+02
5.344164e+06,-1.726510e+02
5.468856e+06,-1.726806e+02
5.596457e+06,-1.727097e+02
5.727036e+06,-1.727382e+02
5.860661e+06,-1.727662e+02
5.997404e+06,-1.727936e+02
6.137337e+06,-1.728206e+02
6.280535e+06,-1.728471e+02
6.427075e+06,-1.728731e+02
6.577033e+06,-1.728987e+02
6.730491e+06,-1.729238e+02
6.887529e+06,-1.729484e+02
7.048231e+06,-1.729727e+02
7.212683e+06,-1.729965e+02
7.380971e+06,-1.730199e+02
7.553187e+06,-1.730429e+02
7.729420e+06,-1.730654e+02
7.909765e+06,-1.730877e+02
8.094319e+06,-1.731095e+02
8.283178e+06,-1.731309e+02
8.476444e+06,-1.731520e+02
8.674219e+06,-1.731727e+02
8.876609e+06,-1.731931e+02
9.083721e+06,-1.732131e+02
9.295665e+06,-1.732328e+02
9.512555e+06,-1.732521e+02
9.734505e+06,-1.732711e+02
9.961633e+06,-1.732898e+02
1.019406e+07,-1.733081e+02
1.043191e+07,-1.733262e+02
1.067531e+07,-1.733439e+02
1.092439e+07,-1.733613e+02
1.117928e+07,-1.733785e+02
1.144012e+07,-1.733953e+02
1.170705e+07,-1.734118e+02
1.198020e+07,-1.734281e+02
1.225973e+07,-1.734441e+02
1.254578e+07,-1.734598e+02
1.283850e+07,-1.734752e+02
1.313805e+07,-1.734903e+02
1.344459e+07,-1.735052e+02
1.375828e+07,-1.735198e+02
1.407930e+07,-1.735342e+02
1.440780e+07,-1.735483e+02
1.474397e+07,-1.735622e+02
1.508798e+07,-1.735758e+02
1.544002e+07,-1.735892e+02
1.580027e+07,-1.736023e+02
1.616892e+07,-1.736152e+02
1.654618e+07,-1.736279e+02
1.693224e+07,-1.736403e+02
1.732731e+07,-1.736526e+02
1.773160e+07,-1.736646e+02
1.814532e+07,-1.736764e+02
1.856869e+07,-1.736879e+02
1.900194e+07,-1.736993e+02
1.944530e+07,-1.737105e+02
1.989901e+07,-1.737214e+02
2.036330e+07,-1.737322e+02
2.083842e+07,-1.737428e+02
2.132463e+07,-1.737531e+02
2.182218e+07,-1.737633e+02
2.233134e+07,-1.737733e+02
2.285239e+07,-1.737831e+02
2.338559e+07,-1.737928e+02
2.393123e+07,-1.738022e+02
2.448960e+07,-1.738115e+02
2.506100e+07,-1.738206e+02
2.564573e+07,-1.738295e+02
2.624410e+07,-1.738383e+02
2.685644e+07,-1.738469e+02
2.748306e+07,-1.738554e+02
2.812431e+07,-1.738637e+02
2.878051e+07,-1.738718e+02
2.945203e+07,-1.738798e+02
3.013921e+07,-1.738876e+02
3.084243e+07,-1.738953e+02
3.156206e+07,-1.739028e+02
3.229847e+07,-1.739102e+02
3.305207e+07,-1.739175e+02
3.382325e+07,-1.739246e+02
3.461243e+07,-1.739316e+02
3.542002e+07,-1.739385e+02
3.624645e+07,-1.739452e+02
3.709216e+07,-1.739518e+02
3.795761e+07,-1.739582e+02
3.884325e+07,-1.739646e+02
3.974955e+07,-1.739708e+02
4.067700e+07,-1.739769e+02
4.162609e+07,-1.739829e+02
4.259732e+07,-1.739888e+02
4.359122e+07,-1.739945e+02
4.460830e+07,-1.740002e+02
4.564912e+07,-1.740057e+02
4.671422e+07,-1.740112e+02
4.780417e+07,-1.740165e+02
4.891955e+07,-1.740217e+02
5.006096e+07,-1.740268e+02
5.122900e+07,-1.740319e+02
5.242429e+07,-1.740368e+02
5.364747e+07,-1.740416e+02
5.489919e+07,-1.740464e+02
5.618012e+07,-1.740510e+02
5.749093e+07,-1.740555e+02
5.883233e+07,-1.740600e+02
6.020502e+07,-1.740644e+02
6.160975e+07,-1.740687e+02
6.304724e+07,-1.740729e+02
6.451828e+07,-1.740770e+02
6.602365e+07,-1.740811e+02
6.756413e+07,-1.740850e+02
6.914056e+07,-1.740889e+02
7.075377e+07,-1.740927e+02
7.240462e+07,-1.740965e+02
7.409399e+07,-1.741001e+02
7.582277e+07,-1.741037e+02
7.759190e+07,-1.741072e+02
7.940229e+07,-1.741107e+02
8.125494e+07,-1.741140e+02
8.315080e+07,-1.741174e+02
8.509090e+07,-1.741206e+02
8.707627e+07,-1.741238e+02
8.910797e+07,-1.741269e+02
9.118706e+07,-1.741300e+02
9.331467e+07,-1.741330e+02
9.549192e+07,-1.741359e+02
9.771997e+07,-1.741388e+02
1.000000e+08,-1.741416e+02
